{"N": 20, "Re": 100.0, "u_error": 2.81596094915167e-10, "v_error": 2.8159582808891523e-10, "converged": true, "iterations": 459296}