{"N": 16, "Re": 100.0, "u_error": 1.677796069300423e-10, "v_error": 1.6777933466925964e-10, "converged": true, "iterations": 278258}