{"N": 24, "Re": 100.0, "u_error": 4.4656848549101313e-10, "v_error": 4.4656838714111083e-10, "converged": true, "iterations": 710148}