{"N": 6, "Re": 100.0, "u_error": 0.0004242199896292833, "v_error": 0.000424219989630511, "converged": true, "iterations": 190296}