{"N": 32, "Re": 100.0, "u_error": 8.942496858670142e-07, "v_error": 8.94249685971466e-07, "converged": false, "iterations": 1000000}