{"N": 40, "Re": 100.0, "u_error": 0.0006976271032331616, "v_error": 0.0006976271032339904, "converged": false, "iterations": 1000000}