{"N": 10, "Re": 10.0, "u_error": 4.165929571681153e-09, "v_error": 4.165929553406921e-09, "converged": true, "iterations": 20004}