{"N": 6, "Re": 1.0, "u_error": 4.203284376372902e-05, "v_error": 4.203284376375108e-05, "converged": true, "iterations": 21293}