{"N": 50, "Re": 100.0, "u_error": 0.0259103697776956, "v_error": 0.025910369777697614, "converged": false, "iterations": 1000000}