{"N": 8, "Re": 10.0, "u_error": 8.98806432803412e-07, "v_error": 8.988064327689698e-07, "converged": true, "iterations": 11417}