{"N": 10, "Re": 1.0, "u_error": 1.3535714280350085e-09, "v_error": 1.3535714378384184e-09, "converged": true, "iterations": 138427}