{"N": 12, "Re": 100.0, "u_error": 9.015957210519219e-09, "v_error": 9.015957659729171e-09, "converged": true, "iterations": 121561}