{"N": 8, "Re": 20.0, "u_error": 1.660125566158528e-06, "v_error": 1.6601255660662911e-06, "converged": true, "iterations": 18369}