{"N": 8, "Re": 100.0, "u_error": 5.018449720384588e-06, "v_error": 5.0184497201276775e-06, "converged": true, "iterations": 63926}