{"N": 18, "Re": 100.0, "u_error": 2.1979302720641097e-10, "v_error": 2.19792890687475e-10, "converged": true, "iterations": 361004}