{"N": 14, "Re": 100.0, "u_error": 1.248960406547089e-08, "v_error": 1.2489604225987546e-08, "converged": true, "iterations": 166576}