{"N": 10, "Re": 20.0, "u_error": 7.724963706888429e-09, "v_error": 7.724963712676557e-09, "converged": true, "iterations": 30170}