{"N": 10, "Re": 100.0, "u_error": 2.674479765224677e-08, "v_error": 2.674479745446325e-08, "converged": false, "iterations": 1000000}