{"N": 8, "Re": 1.0, "u_error": 2.85988970638952e-07, "v_error": 2.85988970643123e-07, "converged": true, "iterations": 61549}