{"N": 6, "Re": 100.0, "u_error": 0.0004242199893153127, "v_error": 0.00042421998931530653, "converged": true, "iterations": 226953}