{"N": 6, "Re": 20.0, "u_error": 0.00022205612807416267, "v_error": 0.00022205612807435664, "converged": true, "iterations": 12252}