{"N": 6, "Re": 10.0, "u_error": 0.0001268874771859967, "v_error": 0.00012688747718596965, "converged": true, "iterations": 6885}