{"N": 12, "Re": 100.0, "u_error": 1.3719186309405627e-10, "v_error": 1.3719195534289497e-10, "converged": true, "iterations": 152066}