{"N": 16, "Re": 100.0, "u_error": 1.677338950429171e-08, "v_error": 1.6773389513647343e-08, "converged": true, "iterations": 220827}