{"N": 8, "Re": 100.0, "u_error": 5.0183787002774265e-06, "v_error": 5.018378700133669e-06, "converged": true, "iterations": 79761}