Re,Grid,Energy,Enstrophy,Palinstrophy
100.0,16x16,2.956048e-02,1.698123e+00,3.752244e+02
