{"N": 14, "Re": 100.0, "u_error": 1.2502720581587793e-10, "v_error": 1.2502715492196138e-10, "converged": true, "iterations": 209178}